[{"model": "districts.district", "pk": 1, "fields": {"name": "Plano ISD"}}, {"model": "districts.district", "pk": 2, "fields": {"name": "Frisco ISD"}}, {"model": "districts.district", "pk": 3, "fields": {"name": "Dallas ISD"}}, {"model": "districts.district", "pk": 4, "fields": {"name": "Richardson ISD"}}, {"model": "districts.district", "pk": 5, "fields": {"name": "McKinney ISD"}}, {"model": "students.student", "pk": 1, "fields": {"first_name": "Homer", "last_name": "Simpson", "district": 1}}, {"model": "students.student", "pk": 2, "fields": {"first_name": "Lisa", "last_name": "Simpson", "district": 1}}, {"model": "students.student", "pk": 3, "fields": {"first_name": "Bart", "last_name": "Simpson", "district": 1}}, {"model": "students.student", "pk": 4, "fields": {"first_name": "Marge", "last_name": "Simpson", "district": 1}}, {"model": "students.student", "pk": 5, "fields": {"first_name": "Maggie", "last_name": "Simpson", "district": 1}}, {"model": "students.student", "pk": 6, "fields": {"first_name": "Pikachu", "last_name": null, "district": 1}}, {"model": "students.student", "pk": 7, "fields": {"first_name": "Bulbasaur", "last_name": null, "district": 1}}, {"model": "students.student", "pk": 8, "fields": {"first_name": "Magmar", "last_name": null, "district": 1}}, {"model": "exams.exam", "pk": 1, "fields": {"name": "Ohio End of Course", "code": "ohio_eoc", "max_score": null, "state": "OH", "subject": null, "grade": null}}, {"model": "exams.exam", "pk": 2, "fields": {"name": "SAT", "code": "sat", "max_score": null, "state": null, "subject": null, "grade": null}}, {"model": "exams.exam", "pk": 3, "fields": {"name": "ACT", "code": "act", "max_score": null, "state": null, "subject": null, "grade": null}}, {"model": "exams.exam", "pk": 4, "fields": {"name": "International Baccallaureate", "code": "ib", "max_score": null, "state": null, "subject": null, "grade": null}}, {"model": "exams.exam", "pk": 5, "fields": {"name": "WebXam", "code": "webx", "max_score": null, "state": null, "subject": null, "grade": null}}, {"model": "exams.exam", "pk": 6, "fields": {"name": "Ms Garcia's End of Year Course", "code": "garcia", "max_score": 100, "state": "TX", "subject": "English", "grade": "9"}}, {"model": "exams.result", "pk": 3, "fields": {"student": 1, "exam": 1, "date": "2025-01-09T21:08:00Z", "score": 645}}, {"model": "exams.result", "pk": 4, "fields": {"student": 1, "exam": 1, "date": "2025-01-24T11:53:00Z", "score": 745}}, {"model": "exams.result", "pk": 5, "fields": {"student": 2, "exam": 1, "date": "2025-01-24T11:53:00Z", "score": 892}}, {"model": "exams.result", "pk": 6, "fields": {"student": 4, "exam": 1, "date": "2025-01-24T11:53:00Z", "score": 835}}, {"model": "exams.result", "pk": 7, "fields": {"student": 6, "exam": 5, "date": "2025-01-24T11:53:00Z", "score": 85}}, {"model": "exams.result", "pk": 8, "fields": {"student": 7, "exam": 5, "date": "2025-01-24T11:53:00Z", "score": 94}}, {"model": "exams.result", "pk": 9, "fields": {"student": 8, "exam": 5, "date": "2025-01-24T11:53:00Z", "score": 100}}, {"model": "exams.result", "pk": 10, "fields": {"student": 3, "exam": 6, "date": "2025-01-24T11:53:00Z", "score": 0}}, {"model": "exams.result", "pk": 11, "fields": {"student": 2, "exam": 6, "date": "2025-01-24T11:53:00Z", "score": 45}}, {"model": "exams.examattribute", "pk": 1, "fields": {"exam": 1, "name": "Subject", "code": "subject", "data_type": "str"}}, {"model": "exams.examattribute", "pk": 2, "fields": {"exam": 1, "name": "Score", "code": "score", "data_type": "int"}}, {"model": "exams.examattribute", "pk": 3, "fields": {"exam": 1, "name": "Performance Level", "code": "performance_level", "data_type": "int"}}, {"model": "exams.examattribute", "pk": 4, "fields": {"exam": 5, "name": "Score", "code": "score", "data_type": "int"}}, {"model": "exams.examattribute", "pk": 5, "fields": {"exam": 5, "name": "Exam Code", "code": "exam_code", "data_type": "str"}}, {"model": "exams.examattribute", "pk": 6, "fields": {"exam": 4, "name": "Subject", "code": "subject", "data_type": "str"}}, {"model": "exams.examattribute", "pk": 7, "fields": {"exam": 4, "name": "Level", "code": "level", "data_type": "int"}}, {"model": "exams.examattribute", "pk": 8, "fields": {"exam": 4, "name": "Score", "code": "score", "data_type": "int"}}, {"model": "exams.examattribute", "pk": 9, "fields": {"exam": 6, "name": "Score", "code": "score", "data_type": "int"}}, {"model": "exams.resultproperty", "pk": 1, "fields": {"polymorphic_ctype": 18, "attribute": 2, "result": 3}}, {"model": "exams.resultproperty", "pk": 2, "fields": {"polymorphic_ctype": 19, "attribute": 1, "result": 3}}, {"model": "exams.resultproperty", "pk": 3, "fields": {"polymorphic_ctype": 18, "attribute": 3, "result": 3}}, {"model": "exams.resultproperty", "pk": 4, "fields": {"polymorphic_ctype": 18, "attribute": 2, "result": 4}}, {"model": "exams.resultproperty", "pk": 5, "fields": {"polymorphic_ctype": 19, "attribute": 1, "result": 4}}, {"model": "exams.resultproperty", "pk": 6, "fields": {"polymorphic_ctype": 18, "attribute": 3, "result": 4}}, {"model": "exams.resultproperty", "pk": 7, "fields": {"polymorphic_ctype": 18, "attribute": 2, "result": 5}}, {"model": "exams.resultproperty", "pk": 8, "fields": {"polymorphic_ctype": 19, "attribute": 1, "result": 5}}, {"model": "exams.resultproperty", "pk": 9, "fields": {"polymorphic_ctype": 18, "attribute": 3, "result": 5}}, {"model": "exams.stringresultproperty", "pk": 2, "fields": {"value": "English"}}, {"model": "exams.stringresultproperty", "pk": 5, "fields": {"value": "Maths"}}, {"model": "exams.stringresultproperty", "pk": 8, "fields": {"value": "Science"}}, {"model": "exams.integerresultproperty", "pk": 1, "fields": {"value": 645}}, {"model": "exams.integerresultproperty", "pk": 3, "fields": {"value": 4}}, {"model": "exams.integerresultproperty", "pk": 4, "fields": {"value": 745}}, {"model": "exams.integerresultproperty", "pk": 6, "fields": {"value": 3}}, {"model": "exams.integerresultproperty", "pk": 7, "fields": {"value": 892}}, {"model": "exams.integerresultproperty", "pk": 9, "fields": {"value": 8}}]